Title,Score,Time,Gold,NumComs
"What's your internet ""white whale"", something you've been searching for years to find with no luck?",11510,1433213314.0,1,26195
What's your favorite video that is 10 seconds or less?,8656,1434205517.0,4,8479
What are some interesting tests you can take to find out about yourself?,8480,1443409636.0,1,4055
PhD's of Reddit. What is a dumbed down summary of your thesis?,7927,1440188623.0,0,13201
"What is cool to be good at, yet uncool to be REALLY good at?",7711,1440082910.0,0,20325
"[Serious] Redditors currently in a relationship, besides dinner and a movie, what are your favorite activities for date night?",7598,1439993280.0,2,5389
"Parents of Reddit, what's something that your kid has done that you pretended to be angry about but secretly impressed or amused you?",7553,1439161809.0,0,11520
What is a good subreddit to binge read the All Time Top Posts of?,7498,1438822288.0,0,2780
What would the person who named Walkie Talkies have named other items?,7501,1447904351.0,4,6720
"People who grew up in a different socioeconomic class as your significant others, what are the notable differences you've noticed and how does it affect your relationship (if at all)?",7419,1440358069.0,0,8603
What are the best YouTube channels to binge watch ?,7311,1448550352.0,0,10306
What website could you recommend that most probably haven't heard of?,7192,1436444823.0,0,10336
"(Serious) At the end of a job interview when they ask me, ""So, do you have any questions?"", what are some genuinely good questions to ask?",7133,1431063658.0,1,5850
"What do insanely poor people buy, that ordinary people know nothing about?",6850,1421181185.0,2,21559
Announcing a small contest to promote originality,6796,1426377669.0,1,1348
What small websites do more people need to be aware of?,6784,1423497852.0,0,4131
"What is that one trick that ""they"" really don't want you to know? [Serious]",6701,1444844927.0,0,17724
Who is the scariest person you've ever met?,6689,1439520757.0,0,9234
"What was your ""I don't get paid enough for this shit"" moment?",6596,1439947180.0,0,11815
What gets weirder and weirder the more you think about it?,6538,1439545860.0,1,12762
"[Serious] Redditors who want Trump to become president, why?",6526,1439138685.0,0,14580
What's your favourite movie that most of us wouldn't have even ever heard of?,6472,1439899943.0,0,19050
"(Serious) People of Reddit who have HIV/AIDS, when did you realize something was wrong?",6472,1439213819.0,0,4296
What cities ARE worth visiting?,6451,1439291187.0,0,16953
"People who lived in Compton in the mid to late 80's, was it really as it is depicted by N.W.A? What are some crazy things that you witnessed?",6410,1440564883.0,0,4515
What small websites do you visit?,6400,1440020488.0,1,4731
[Serious] What are some great apps for smartphones that people might not be aware of?,6346,1443887658.0,0,7833
"What fact or statistic seems like obvious exaggeration, but isn't?",6320,1448885731.0,0,23159
"Reddit, what was your ""It's totally not a phase, mom/dad!"" that ended up being just a phase?",6271,1439906197.0,0,14115
"If your life depended on getting someone to laugh, which youtube video would you show them?",6267,1422612478.0,1,6023
What are the best text-based subreddits to kill time reading?,6210,1445251377.0,0,2477
What was the first event that disproved your childhood belief that the world is a safe place?,6192,1439642253.0,0,10824
"What's the cleanest, least offensive, funniest joke you know?",6162,1439568880.0,0,4692
"If you could send an anonymous text to yourself 5 years ago, what would you write?",6109,1439985692.0,0,13735
"Redditors who have met a former crush years later, how did it turn out?",6110,1439735429.0,0,8530
What are the best computer hackers able to do right now that most people are unaware of?,6113,1449128988.0,0,8267
What is a short (<1min) video that always cracks you up?,6073,1445810268.0,0,9164
"REMINDER: Only the dark side posts spoilers without a spoiler tag. Please, use the spoiler tag!",6089,1450212277.0,0,1058
"[Serious] people who have twin siblings but are not a twin themselves, how is your relationship with your twin brothers or sisters?",6050,1439856706.0,0,3110
[serious] Therapists/psychiatrists of reddit: what is something that most people think they are alone in experiencing/feeling/thinking?,6045,1447844725.0,2,7019
How would you go about making an extra $500 a month (outside of your normal salary)?,6046,1441194071.0,1,16944
What is the scariest *real* organization in the world?,6019,1446583374.0,1,14091
"What was your biggest ""shit, my parents were right"" moment?",6007,1446384482.0,0,18033
"Reddit, What lesser known Apps can't you live without?",5988,1432728287.0,2,13726
[Serious] What's the creepiest TRUE story that happened to you or someone you know?,5982,1439744268.0,0,8358
How do you subtly fuck with people?,5978,1438996121.0,0,9304
What is a cool qualification that you can easily get?,5972,1431453813.0,0,6381
"What's considered trashy if you're poor, but classy if you're rich?",5951,1443233511.0,0,8182
"If all of a sudden all humans simultaneously lost the ability to sneeze, how long do you think it would take mankind as a collective to realize?",5943,1423787549.0,7,4427
"Teachers of reddit, what is the greatest way a student has misinterpreted one of your assignments?",5937,1447697520.0,0,10289
"Fathers of Reddit, what did your daughter's boyfriend do for you to hate/love him?",5924,1440582629.0,0,9878
"Redditors who spend a lot of time in seclusion (at sea, in the air or out in the wilderness) what's the creepiest or most mysterious thing you've seen, found or experienced?",5922,1444699740.0,1,15873
What is the best game to play in a web browser?,5903,1429904281.0,1,8812
"What should not be considered OK, but is often encouraged?",5878,1440154625.0,0,18115
"People who live near famous tourist destinations, what is something the average person should know?",5867,1438276265.0,0,25806
What is your go-to random fact?,5860,1436984888.0,0,14637
What's the most calculated thing you've ever seen an animal do?,5872,1448910548.0,1,8094
How do you subtly fuck with people?,5829,1421966837.0,1,15419
What mobile app has actually had a legitimate positive impact on your life?,5831,1449174161.0,0,10961
"Commercial airplane pilots, what's the closest disaster you've averted while on a flight that the passengers had no idea about? How often do these things happen?",5799,1440418465.0,0,4947
What items would be inside a Second Aid Kit?,5796,1439338307.0,0,2900
"What's a short, clean joke that gets a laugh every time?",5779,1426597584.0,2,12007
Who ruined something as thoroughly as Hitler ruined the toothbrush moustache?,5783,1442166787.0,0,12134
What movie do you quote/reference the most?,5767,1438871651.0,0,17507
"If Dr. Seuss was a real doctor, what would his diagnoses sound like?",5767,1440330433.0,0,1658
What food is not as bad for you as most people believe?,5755,1439809974.0,0,12801
What is the smallest lie you've ever told which had the biggest consequences?,5750,1447943291.0,0,7011
What was the biggest bluff in history?,5725,1435489814.0,1,8625
What is never going to stop being funny?,5733,1441137267.0,0,12692
"Parent of a ""weird kid"", how did you react when you realized that your kid did weird/creepy stuff?",5720,1440515374.0,0,5997
What piece of stand up comedy (10 minutes or less) has successfully made you cry with laughter?,5700,1437140705.0,0,5581
What was the worst PR move in history?,5700,1436280395.0,0,14338
"Which song is most improved when all occurrences of ""I,"" ""me,"" ""my,"" etc. are replaced with ""Greg""?",5687,1444838170.0,6,11183
What are common signs of not having one's shit together?,5687,1449534179.0,0,13807
What's a good date other than dinner and a movie?,5681,1450384351.0,0,9451
What is a phrase that makes you instantly dislike someone strongly?,5632,1439304421.0,0,24533
What would be a funny thing to say to a surgeon before anesthesia kicks in 5 seconds later?,5618,1444926824.0,1,8778
"Women who use tinder, what are you actually looking for?",5602,1439469826.0,0,11618
"What was supposed to be ""The Next Big Thing"" but ended up becoming a flop?",5595,1440601949.0,0,16022
What is your favourite educational/informative YouTube channel?,5588,1441267828.0,0,4591
whats a good mind fuck movie to watch?,5584,1420325488.0,0,15760
"Collectors and hobbyists, what is the ""holy grail"" item to find related to your interests?",5593,1450643873.0,0,11125
What are some great phone apps/games that don't require data or wifi network to use?,5567,1444382721.0,1,3818
"What is a non-racist, non-sexist, and non ""hateful"" opinion you have that would make people dislike you?",5550,1438948041.0,1,58822
"Dear reddit people, what is a good/healthy hobby to start for someone with depression?",5546,1445851762.0,1,9272
You're given immortality but as a cost you are sent back 3000 years - would you accept and what would you do?,5551,1433125478.0,0,7789
"What should've been ""just a fad"" but never ended?",5547,1446865269.0,0,20180
"Emos of the early 2000's, what are you guys doing now?",5558,1449277489.0,1,11336
What's a reason an actor or actress has been written out of a tv show that I probably did not know about?,5499,1425781168.0,0,14080
What false facts are thought as real ones because of film industry?,5494,1442575664.0,0,23614
"[Serious] Redditors who want Bernie Sanders to become president, why?",5459,1439177506.0,0,5218
What LEGAL thing are you addicted to?,5453,1440240396.0,0,12391
Who is the best example of someone that you're not sure if they are a complete idiot or a genius?,5441,1437565199.0,0,13251
What is a sub-$100 gadget that everyone needs but few people may already have?,5437,1448027605.0,0,12607
What's the biggest lie the internet has created?,5426,1448373127.0,1,8938
What did people believe in the 1990's that we no longer believe today?,5431,1434569124.0,0,18628
What bot accounts on reddit should people know about?,5426,1430286166.0,7,34680
"Reddit, What are some lesser known or niche sites you visit religiously?",5419,1432219394.0,1,5623
"What is something that genuinely bothers you, but you never complain about because you'd seem like an asshole?",5419,1447426615.0,0,19133
Whatâ€™s a computer trick you think everyone should know?,5419,1448446016.0,0,11246
What is the most unethical thing you can legally buy?,5439,1450794376.0,0,14066
Which film would you rate a perfect 10 out of 10?,5403,1444335337.0,1,25018
What is a trap 99% of the time?,5406,1448955277.0,0,15889
What is something rich people buy that poor people know nothing about?,5394,1436502890.0,0,11888
[Serious] Photographers of Reddit : What are some simple things that normal people can do to help their photographs look like they are professional quality?,5400,1449077192.0,0,3350
"People who lost in a major televised show (AGT, American Idol, etc.), what was life like when you got home?",5397,1439388566.0,0,4823
What was something that shocked you when you visited a foreign country?,5391,1446463366.0,0,25078
How would you spell the noise a lightsaber makes?,5405,1449799798.0,1,2221
Children of helicopter parents: What was the worst or most embarrassing thing they put you through?,5367,1445387163.0,1,14047
What's the most insane coincidence you've experienced?,5371,1435747356.0,0,11748
What's the lamest superpower you would settle for?,5372,1439561772.0,0,7878
What is one thing every couple should do together?,5367,1433870477.0,0,7554
"What does Reddit perpetuate that you, as an expert in that space, know to be bullshit?",5376,1450061102.0,0,15378
how did you 'cheat the system'?,5353,1446542047.0,0,14975
What jobs exist purely because people are dicks?,5355,1435608590.0,0,10411
What motivates you to keep going when you're feeling a bit bored with life and burnt out?,5342,1450301476.0,0,6243
What is the worst physical sensation that is entirely painless?,5337,1442532375.0,0,20674
What websites do you go to once reddit has... bored you?,5326,1446656667.0,0,5220
What fact did you learn at an embarrassingly late age?,5321,1425943044.0,0,34153
What is the smallest act that counts as cheating in a relationship?,5327,1439754321.0,0,5414
"[Serious] Soldiers of Reddit who've fought in Afghanistan, what preconceptions did you have that turned out to be completely wrong?",5317,1444308213.0,1,9430
What is the scariest movie you've ever watched?,5304,1448140469.0,0,11722
"Older Redditors, what are some ""early warning signs"" of trouble that younger folks may not know about? [serious]",5306,1435244614.0,2,8603
[Serious] National Park Rangers and any other profession that takes you far out into the wilderness. What are the strangest weirdest things you have seen or heard or experienced while out there?,5301,1435270491.0,0,6704
What is one REAL trick that companies don't want you to know?,5299,1431099216.0,1,15094
What's the juiciest secret you know?,5281,1447982092.0,0,20182
"What mild inconveniences make you think ""it's 2015, I shouldn't have to deal with this shit""?",5280,1434308576.0,0,19128
"What are the cigarettes of today? What does everyone think is healthy, but is not?",5283,1426882335.0,0,22115
"If all Video Games had major cult/religious followings, which would be the craziest?",5273,1439031618.0,0,5284
"[Serious]Muslims of Reddit, how much did your life change after 9/11?",5264,1440453626.0,3,6658
"Reddit- What is something that businesses throw in extra, or give ""free of charge"" that you do NOT like?",5273,1450533767.0,0,13800
"What ""one weird trick"" does a profession ACTUALLY hate?",5257,1421055448.0,0,19497
"You get invited to join the pantheon of gods, but in an entry-level position. What ordinary, mundane, every-day thing do you choose to be the god of?",5256,1441710046.0,0,8420
What's the craziest black out drunk experience you've ever been told you've done?,5250,1440502259.0,0,8616
"People who have been to prison, what unexpected habits did you pick up inside and stick with following your release? [serious]",5252,1432977990.0,0,5248
What would you find in a Badwill store?,5246,1439430911.0,0,4221
What was the biggest 'plot twist' that happened in your life?,5250,1447544837.0,0,10986
What is your golden rule?,5246,1449746931.0,1,17149
What seemingly impressive meal is actually really easy to cook?,5246,1432929479.0,0,6318
What 2 famous people lived at the same time in history that people wouldn't think were alive at the same time?,5241,1426095149.0,0,6759
[Serious] What footage does convince you that paranormal things exist?,5241,1438903640.0,0,8293
Who is spinning in their grave the hardest?,5234,1441338486.0,0,9675
Will you be taking the free upgrade to Windows 10 this Wednesday? Why or why not?,5214,1438013011.0,1,10361
Which company or brand no longer has the quality they were known for?,5213,1444481020.0,0,17103
"Who are some ""One-Hit Wonders"" in fields other than music?",5207,1430049495.0,0,11376
What is a product that works a little too well?,5195,1432170369.0,0,14412
[Serious] Health Professionals of Reddit - What are some of the most common things that freak people out about their bodies that is totally and completely normal?,5192,1448503286.0,0,8963
Redditors who have actually been to your 10 year high school reunion: what is the biggest transformation you've seen someone make in that 10 years?,5198,1442254723.0,0,8418
"[Serious] Redditors who have been on a gameshow or any contest on TV, what were some behind the scenes ""rules"" that they tell you before they send you out before the cameras?",5191,1427238149.0,0,7434
What is easier to get into than it is to get out of?,5183,1440511873.0,0,9379
What's something everybody thinks is a myth or rumor but is actually completely true?,5179,1441548823.0,0,10017
Do you know someone who got fired on their first day? What did they do?,5173,1442665413.0,0,10393
"Recruiters, what are some ""red flags"" when you are look at a resume. What will NOT give you a call to an interview?",5164,1443199681.0,0,7759
What didn't you notice about yourself until someone told you?,5160,1449045026.0,1,15610
"You have $500 to survive for a year without going broke (you must have at least $0.01 left). If you succeed, you get $10,000,000. How do you do it?",5153,1427408167.0,2,10540
What are some secrets about widely used products?,5147,1423055061.0,0,23202
What's the loneliest thing you've ever done or seen someone do?,5153,1446607250.0,0,10970
What is the most brutal comeback you've ever heard?,5107,1445200385.0,0,11728
What do Americans do without a second thought that would shock non-Americans?,5101,1449935188.0,0,26816
People with high social skills. What's the biggest mistake that people often make in interactions with others?,5106,1447512440.0,1,8378
"People who can't say no, what is the worst thing you ended up doing for someone?",5101,1449751621.0,0,7942
What's the most ridiculous thing you've bullshitted someone into believing?,5144,1450869527.0,0,18528
"[Serious] People age 18-40s, who do not work or go to school, what do you do in your daily life? How do you sustain it?",5094,1442489308.0,0,11458
What is a big NO-NO in cooking?,5081,1438326581.0,0,15166
"Soldiers of Reddit, what is something you wish you had known before joining the military?",5086,1437080783.0,0,9536
What's the happiest fact you know?,5073,1424761428.0,0,11211
What is the most mind-blowing paradox you can think of?,5061,1444880739.0,0,12540
"Doctors of Reddit, what was the MOST incorrect self-diagnosis you've encountered in your practice?",5053,1432606794.0,0,13587
What professional sport could you last the longest in without being noticed as a non professional?,5036,1434714863.0,0,10362
"Reddit, what is your *cheap* bachelor pad MUST HAVE?",5042,1450358880.0,0,10250
How do YOU make money on the side?,5039,1422272483.0,1,17678
How do we save the damn honey bees!?,5042,1431976983.0,0,4691
"Drinkers of Reddit, what is the best drinking game?",5033,1440154249.0,0,4559
"You are suddenly shifted 2 feet to the left, what's different?",5034,1440250692.0,0,15010
"If our leaders today had nicknames like Richard The Lionheart or Alexander the Great, what would they be?",5034,1449514385.0,0,7329
What 3 movies with similar titles make the most confusing trilogy?,5078,1450898446.0,1,5905
What is your Tinder horror story?,5080,1450814735.0,0,14892
"If all jobs paid the same and had the same hours, what would you want to be?",5021,1449407022.0,1,11831
What is something that you are NEVER FUCKING BUYING AGAIN?,5026,1430897638.0,0,24235
What was the best thing one person ruined for the rest of us?,5020,1446725241.0,2,19618
"Vending machine stockers, where is the most remote vending machine you have been to?",5021,1428526573.0,1,3321
Which company or brand STILL HAS the quality they were known for?,5018,1444512055.0,0,17688
"What is something you thought was awesome as a teenager, but now as an adult think is totally ridiculous?",5011,1443442891.0,0,18679
[Serious] What would be the next big issue after Marijuana and gay marriage?,5019,1439899767.0,0,8133
What villain lived long enough to see themselves become the hero?,5002,1434808113.0,1,11890
What is a relatively inexpensive snack that could be munched on continuously for about 2-3 hours without ruining your health?,4997,1424463676.0,1,10330
"[Serious] Psychiatrists/Psychologists of Reddit, what is the most profound or insightful thing you have ever heard from a patient with a mental illness?",4998,1448708441.0,1,7403
What is the biggest fuck up in history?,4992,1435518925.0,0,11736
"Burglars of reddit, what are the best ways to keep you out of my house ?",4996,1430737790.0,0,11091
What mild injustice was done to you as a child that you are still mad about?,4990,1430305733.0,0,22577
What is the Medieval equivalent to your modern job?,4984,1442830499.0,0,13517
What became of the 'weird' kid you went to school with?,4990,1447077149.0,0,16824
What did you really want until you had it?,4984,1447598036.0,0,13341
What is awkward but really shouldn't be?,4988,1440871999.0,0,18089
What fact are you tired of explaining to people?,4973,1437912208.0,0,34477
Whats your main goal in life?,4975,1449579949.0,0,17008
What is not nearly as dangerous as people tend to believe?,4963,1447258351.0,0,15717
What is the best purchase you have ever made?,4958,1445946478.0,0,13314
What's the best tv show within a tv show?,4969,1448286019.0,0,11308
What fan theory will always be canon to you?,4970,1433022569.0,0,14170
"What are you 99% sure of, but you just don't have proof?",4956,1448106105.0,0,21625
[Serious] What are some topics that everybody should have a solid understanding of?,4941,1430816556.0,0,11071
What should everyone go do RIGHT NOW if they haven't yet?,4948,1443621423.0,0,15894
"People who have known murderers, serial killers, etc. How did you react when you found out? How did it effect your life afterwards?",4942,1446149190.0,0,8988
"What are some ""just because"" things you can do for your SO?",4941,1450745775.0,0,5457
What are the best subreddits that you discovered in 2014?,4920,1419969660.0,1,4137
"What is something you want to brag about, but won't because you don't want to be a douche?",4922,1441919325.0,0,16479
"[Serious] Reddit, what are some 'once in a lifetime' occurances that have been captured by a camera?",4921,1430606829.0,0,5323
What is totally worth its risk?,4982,1451048932.0,0,11152
What should tourists NEVER do in your country?,4912,1434917826.0,0,21010
What is your favorite example of Video game logic?,4907,1446821569.0,0,11666
What products will you never buy just because you hate their commercials?,4897,1443990709.0,0,11715
What's a song that everyone knows but no one knows what it's called?,4902,1435693437.0,0,5379
"Non-Americans of Reddit, What is the ""Bigfoot"" or ""Area 51"" equivalent of your country?",4896,1429067251.0,2,12063
"Professional Chefs of Reddit; what mistakes do us amateur cooks make, and what's the easiest way to avoid them?",4888,1448154714.0,0,4768
"Redditors who are masters of small talk and speaking with new people, what's your personal secret?",4885,1434246222.0,0,4299
"What is your ""we will never speak of this again"" moment?",4876,1443460505.0,0,8490
What is your favorite stand up comedy bit?,4875,1442305649.0,0,5541
What G-rated joke always cracks you up?,4876,1420255664.0,1,7696
What hobby instantly makes any stranger 1000x more interesting?,4864,1433465538.0,0,10671
"What is a movie that you objectively know is terrible, but you still love?",4859,1449952855.0,0,18658
What normal thing seems sketchy if you look both ways before you do it?,4860,1446495368.0,0,5404
What show had you hooked right off the pilot episode?,4857,1433513048.0,0,27886
"If ethics were not a problem, what reality show would you love to see?",4855,1437046894.0,1,15522
What was the best way that someone has hit on you?,4862,1445354251.0,1,16080
What is your unsubstantiated theory that you believe to be true but have no evidence to back it up?,4850,1436204164.0,0,21998
"What are you terrible at, but enjoy enough to keep on keeping on?",4845,1445167649.0,0,13254
What video game has given you the most stress?,4850,1448365372.0,0,20059
"What movie left you saying ""Fuck yeah""?",4844,1444823698.0,0,15167
What food is loved in your country but hated and ridiculed elsewhere?,4840,1442744606.0,0,21967
"Reddit, what is one sentence that will leave me mindfucked the rest of the day?",4843,1427820209.0,0,12775
"What is a job that when done right no one notices, but the moment its done wrong all eyes are on you?",4850,1450262983.0,0,13752
What's the smoothest move you've ever seen someone do on their date?,4845,1443577621.0,0,6684
What is a sure sign of maturity?,4830,1443272806.0,0,9223
"Doctors of Reddit, what is your ""how the hell are you even alive right now!"" Story?",4836,1446955331.0,0,7309
"What kind of fun ""poor"" experiences do you believe the wealthy are missing out on?",4834,1449324708.0,0,14925
"Reddit, what makes you instantly like someone upon meeting them?",4819,1444560608.0,0,8372
"Teachers of Reddit, what's the most cringeworthy thing a student has said in class?",4828,1446241415.0,0,11872
"Reddit, what is the most quintessential middle class behaviour you can think of?",4824,1440943349.0,0,14040
What are some Youtube channels that will keep me busy for hours upon discovery?,4820,1435478209.0,0,3592
What is the best thing you have ever heard a child say?,4812,1446285345.0,0,8474
"Redditors who lost their Job because of a post to a social media platform, what happened?",4802,1436704509.0,0,11892
What 'secret ingredient' do you add to your meals in order to improve the taste?,4803,1435145121.0,0,15165
What is the healthiest food you have ever been hooked on?,4805,1437304676.0,0,11994
What is the RAREST thing you have ever witnessed?,4794,1450278258.0,0,11169
Which videos ruined the image of a famous person?,4778,1435232215.0,0,18545
When was a time someone that you didn't like had your back?,4784,1447372071.0,0,4233
What suddenly becomes 'uncool' when you reach a certain age?,4779,1433198387.0,0,14692
"What is something that is now purely aesthetic, but used to be functionally important?",4779,1448486356.0,0,7386
What is an absolute NO NO when going for a job interview?,4781,1448796541.0,0,12978
What Conspiracy theories ended up being true?,4770,1429267901.0,0,6405
"Dudes that carry a backpack everywhere you go, what do you keep in it?",4772,1441045599.0,0,12317
What popular fad crashed and burned the hardest?,4768,1441565140.0,0,11752
What's a question that you hate to answer?,4759,1447328084.0,0,19952
"People who fall asleep in under half an hour at night, how do you do it?",4763,1433158175.0,0,9409
How should France and the rest of the world react following the terrorist attacks? [Serious],4767,1447455903.0,0,9539
"Reddit, what story about your pet is most improved by referring to it as your 'roommate'?",4762,1446057269.0,1,6002
What product/Company is currently in its Death throes and will fade away in time?,4764,1448626357.0,0,17515
"Sailors of Reddit, what's the weirdest/creepiest thing you've seen at sea?",4757,1431163460.0,0,6507
Whats something your parents did when you were a kid that you didn't realize was weird until you grew up?,4860,1451309054.0,0,15165
You're placed in a room with 100 random people. $1M prize if you can do a single thing better than every person there. What is your talent?,4736,1445882148.0,0,15317
"What's an instrumental song that everyone knows, but probably doesn't know the title of?",4734,1438353772.0,0,5227
You are sent back to the 1500s with immortality and 1 gold coin. How do you become the richest man in the world by 2015?,4737,1434486379.0,0,6583
What would be the most underwhelming announcement that NASA scientists make on Monday concerning Mars?,4728,1443348369.0,0,3188
"PC gamers, what are some awesome games that don't require a powerhouse PC to run?",4774,1451054976.0,0,7445
What is your #1 workout song?,4727,1440772597.0,0,8260
What is something you believe is about to blow up in popularity?,4708,1437357166.0,0,16290
What genuinely terrifies you?,4702,1445511931.0,0,21040
What socially unacceptable things are you OK with?,4693,1436795732.0,0,19173
"What is one sentence that people in your hobby understand, but sounds like gibberish to everyone else?",4699,1432055261.0,1,21771
"Redditors who have actually won $X per week/month/year for life, how did you win it and how's that going for you?",4697,1428180393.0,0,9669
"[Serious] Bilinguals of reddit, what was the weirdest conversation that you overheard when the people didn't think you'd understand?",4699,1438709519.0,1,9899
What should never have been invented?,4696,1439771654.0,0,8657
What is the best lifehack you use during your everyday life?,4693,1445603254.0,0,13010
What is the most extreme form of penny pinching you have ever witnessed?,4697,1425345473.0,0,18324
"You choose a crime, each time someone commits it $1 is added to your bank account account, which crime would you choose to become the richest?",4689,1443792142.0,0,9182
What screams insecurity to you?,4695,1441752809.0,1,17164
What is the most Michael Scott thing your boss has ever done?,4693,1431580224.0,0,5607
"Within the next 10 years, a generation of children whose parents posted their entire lives online, without their consent, will become young adults. How do you think they'll feel about it?",4682,1427154377.0,0,3258
What problems should we not still be experiencing in 2015?,4679,1442146711.0,0,14906
"What are you casually into, and can't stand the hardcore dedicated fanbase of?",4679,1448303455.0,0,16483
What's the biggest REAL news story that broke on an April Fool's Day that everyone thought was actually fake?,4674,1427918764.0,0,5110
What things are humans really bad at?,4678,1438689889.0,0,10132
"If you could control your body like a smartphone or computer, what ""processes"" would you disable/uninstall to maximize your ""battery life""?",4669,1444070180.0,0,4851
What subreddit seems the most like a cult?,4669,1445241844.0,0,13181
"[Serious] Doctors of Reddit, what are the red flags that people shoud look out for in order to avoid an incompetent or ""bad"" doctor?",4670,1443500344.0,0,3203
"You're in the Matrix and try to download ninja skills like Neo, But you use Limewire. What skills do you get instead?",4672,1450456733.0,1,4755
"What's something almost no one has, but is very useful, for about 20 bucks or less?",4665,1444009432.0,0,8397
What is the stupidest thing that has come out of your mouth that you're willing to admit to?,4663,1424906824.0,0,15009
What is your go-to piece of random trivia to blow people's minds?,4652,1425044018.0,0,11752
"If you were the only person who could see on earth, how would you convince a civilization of blind people that the sense of sight exists?",4653,1450180702.0,0,2525
What album would you rate a perfect 10?,4656,1436530192.0,1,26414
[Serious] Redditors over 50: What have you seen become socially acceptable that you never thought would?,4651,1448218116.0,0,8270
What event in history deserves it's own HBO Series?,4647,1442942999.0,0,8490
You're at an airport. Transferring. Have seven hours to wait and no wifi. Cannot leave the airport. What do you do?,4641,1446036949.0,0,11831
What do you think people take way too seriously?,4636,1444912266.0,0,14788
What is the easiest way to accidentally commit a serious crime?,4634,1430762596.0,0,9069
"Car salesmen of reddit, what's the most outrageous thing anyone has done while out on a test drive?",4633,1428764010.0,0,8109
What really big companies are going to be out of business in 10 years?,4634,1444226279.0,0,12349
Redditors who have given their SO's another chance after getting cheated on: How's your relationship now?,4630,1447360639.0,0,5174
What celebrity's career never recovered after a controversial incident?,4636,1443865279.0,0,13864
What's the easiest way to ruin your life in one move?,4630,1450504184.0,0,9315
You are being paid $100 for every minute you can rant about a specific topic. What do you choose and why?,4632,1446557463.0,0,11631
College/University Admissions Officers of Reddit: what's the dumbest thing you've seen on an application or essay?,4616,1445113057.0,0,6631
"You are being told that you will become famous tomorrow, but not what for. What is the most realistic reason you can come up with?",4662,1451254190.0,1,6855
What will probably be a huge let down in 2016?,4649,1450995930.0,0,11515
Your friend leaves you for 30 minutes in his house. How to fuck with his mind?,4615,1447864303.0,0,8132
What gif could you watch over and over?,4612,1446742498.0,0,6109
What do you recommend everyone should do every morning?,4615,1434889654.0,0,5637
"Is Leonard Nimoy the first example of a ""famous last tweet?"" If not, what are some others?",4610,1425088000.0,0,2897
[Serious] Redditors who know how much time they have left - how does your day look like?,4611,1444043796.0,0,3781
What issue IS black and white to you?,4598,1445992848.0,0,26073
What are some subtle body language signs that reveal a lot about someone?,4600,1435153184.0,0,6573
"Law enforcement officials of Reddit, what is the most obscure law you've ever had to enforce and how did it happen?",4598,1437831035.0,1,8677
What are the best free things on the internet?,4596,1421062349.0,0,3771
[Serious] What is something scary that has happened to you that you cannot explain rationally?,4601,1445864627.0,0,7055
What is a question you can ask someone and their answer will most likely be a lie?,4589,1427714181.0,0,11801
What isn't being taught in schools that should be?,4599,1450436388.0,0,15635
What's the worst knock off item you've ever seen?,4595,1449146518.0,0,6233
"Whats the worst thing you could hear someone say, ""Eh, good enough"" to?",4590,1446911789.0,0,4709
What is your favorite one to two line joke?,4597,1428874410.0,0,6436
"Movie theater goers of Reddit, have you ever walked out during the movie? If so, what movie was it and why did you walk out?",4591,1449231374.0,0,24945
What have you been most tempted to do but never gone through with?,4590,1428143237.0,1,13575
"Reddit, what are some ""MUST read"" books?",4586,1430567645.0,0,8595
What conspiracy theory is probably true?,4588,1448733766.0,0,16003
"[Serious] Long time teachers of reddit, what differences do you observe in your students today, and the students you taught 5,10,20 years ago?",4592,1431706424.0,0,6510
"Clubbers of Reddit, what are your best tips for people new to clubbing?",4587,1440623744.0,1,4826
"C grade students, where are you now in life?",4588,1445421464.0,0,17007
What are you ashamed to admit you don't understand?,4581,1444428779.0,0,12675
What's the most inappropriate time that you started laughing and couldn't stop?,4578,1434542057.0,1,6750
What would happen in an episode of Fedora The Explorer?,4585,1439485021.0,0,1468
"If ads had to be 100% honest, what product would nobody buy?",4569,1438081544.0,0,9222
What was the most heartbreaking moment in television?,4572,1448455362.0,0,13507
What is pretty fucked up if you think about it?,4573,1449438735.0,0,13598
What overlooked problem that is never shown in apocalypse movies/shows would be the reason YOU get killed during one?,4564,1422552521.0,1,11665
Divorced Redditors: What was it that finally made you or your spouse end the marriage? [serious],4566,1439671987.0,1,5734
What's the most unexplainable shit you've ever witnessed?,4558,1429771848.0,0,12665
What is one question that reveals a lot about someone?,4552,1424377697.0,0,10376
[Serious]What is the stupidest thing you've ever heard someone say with confidence?,4545,1428971374.0,0,23462
What is considered punishment as a child but a reward as an adult?,4540,1428577135.0,0,12680
How would a school for Magic in the USA differ from Hogwarts?,4535,1450725086.0,0,7148
"What are social ""don'ts"" we should all know?",4520,1436370478.0,0,16815
What do you not fuck with?,4514,1450696925.0,0,21363
What will society look down on us for in 100 years?,4519,1447633847.0,0,11566
"Redditors who made the front page, what are some weird private messages that people sent you after?",4510,1443948270.0,0,8989
What is the creepiest/ scariest unsolved mystery you have heard of?,4506,1434966859.0,0,10575
[Serious] How are Japanese students taught about the bombings of Hiroshima and Nagasaki?,4514,1428002745.0,0,2798
"What movie ending made you say ""what the fuck?""",4514,1434826314.0,0,13165
"[Serious] Germans of Reddit, in what ways, if at all, does Germany recognize WWII veterans?",4507,1435685219.0,0,5976
"Truck drivers of Reddit, what city or town do you absolutely refuse to stop in?",4500,1420895936.0,0,15536
"Reddit, what's the loneliest thing you've done?",4499,1422022053.0,1,16052
"[Serious] Redditors who have lawfully killed someone, what's your story?",4501,1449802447.0,0,13001
"Iraq and Afghanistan veterans, what are some of the good aspects of those countries/cultures that you experienced that we will never hear about from the western media? [serious]",4506,1436100868.0,1,4409
What's your deep web story?,4493,1435191832.0,0,11374
"Moms of Reddit, what do you know about your child that you will never tell to him/her?",4493,1431658795.0,0,16198
"Life hacks says find 3 hobbies, 1 to make you money, 1 to keep you in shape, and 1 that let's you be creative. What are some examples of this?",4496,1425246234.0,0,3379
"Divorce lawyers of reddit, what are some of your most memorable cases?",4494,1435000120.0,0,7165
Which villain actually had a point?,4501,1427838393.0,0,12748
"Americans, what should a Brit NOT do when in the states?",4503,1442404785.0,0,19296
What purchase is always worth the money?,4491,1428462789.0,0,18016
"[Serious] Professors, what is the most simple thing students do which grants them your respect or annoys you to death?",4490,1427200188.0,0,11284
What major events do you think will take place in the next 50 years?,4492,1425987336.0,0,16419
"If news broke out that a certain celebrity was a serial killer and was getting away with it for years, who would surprise you the least?",4486,1435712690.0,0,8305
"[Serious] Redditors who live in very remote areas of the world, like Barrow, Alaska, how is life there? What do you do for fun?",4478,1444186689.0,0,3296
"What are some good examples of, ""when there's a big story in the media, look for the story they're trying to distract you from""?",4481,1433001191.0,0,4173
What is the biggest scam in human history?,4482,1429546741.0,1,15093
"What are the most underrated TV shows, the ones that no-one ever seems to talk about, but you love?",4475,1442916395.0,0,19035
What scientific breakthrough would be the most noteworthy if it were suddenly announced tomorrow?,4477,1434368044.0,0,12401
Hey reddit! Have you guys ever met anyone for a very brief period in your life and wish you still had contact with? What was the story on how yall met and why did they make such an impression on you?,4470,1436250648.0,1,7117
What famous actor is really just playing his real-life self in movies?,4469,1448022886.0,0,9595
"What's your ""I was the only one to get away"" story?",4471,1438645655.0,0,6264
What's the farthest you've seen someone go to avoid a mild inconvenience?,4478,1432679287.0,0,7024
What jobs attract the biggest assholes?,4474,1431521804.0,0,10004
Who wasted their 15 minutes of fame the worst?,4469,1436144930.0,0,8464
"Reddit, what is your favorite quote from a fictional character?",4470,1440669734.0,0,13009
"If your SO posted to Reddit about you, why would Reddit collectively tell them to dump you immediately?",4464,1447183297.0,1,4827
"People over 40: What is a question that you don't think people under 25 would know, but just about everyone over 40 would know?",4463,1427271911.0,1,22103
"If someone says ""Tell me a joke"", what is the first joke you tell them?",4467,1441891071.0,0,6777
"Reddit, if every bullet ever shot left a permanent trail through the air where it's flight path was, where would be the most interesting place to see or the most interesting thing to come from it?",4465,1432510779.0,3,4674
"What is a goal that you've reached only to say ""meh""?",4494,1450968645.0,0,6795
What's the weirdest way you injured yourself?,4457,1443039070.0,0,12114
Where would you hide a 5inch (~13cm) metal cube that had to stay hidden for 1000 years?,4463,1432036548.0,0,7840
What movies have you watched over 5 times while still entertained?,4455,1428233791.0,0,24564
People named Isis: How's life going for you these days?,4451,1449877873.0,0,3514
[Serious] What lie are you living?,4449,1441715834.0,0,8794
What's the most fucked up thing a guest did in your house?,4445,1438554152.0,0,11900
What is worth spending a little extra money for?,4479,1451219397.0,0,14844
"Married people of reddit, what were your first thoughts upon seeing/meeting your future spouse?",4454,1445544809.0,0,8494
[Serious] Garbage Men of Reddit: Have you ever found anything that was so sketchy you reported it to the police? What was it?,4441,1433706139.0,0,5277
[Serious] What lie are you living?,4442,1445957552.0,0,10993
"What's the most satisfying ""no"" you've ever given?",4442,1444620514.0,1,6465
"Reddit, what is your social ""no no"" that makes you immediately turn people away?",4441,1448192220.0,0,15743
Who's wrongly portrayed as a hero?,4444,1449181971.0,0,13486
Redditors who have worked on the set of cooking shows. What do they do with the food that is cooked? And what's the strangest thing you have seen while working?,4442,1438427809.0,0,1804
"What products look like a gimmick, but actually work really well?",4437,1436879663.0,0,6890
What should people never try?,4443,1430245666.0,0,14008
"If your partner was described as a household item, what would they be?",4447,1450620429.0,0,5149
What is your best insult without cussing?,4430,1437135703.0,0,12560
Rich people of Reddit: what are some luxurious (but within reach) things that lower-middle income people should save up to buy/do/eat that are really worth it?,4432,1446641717.0,0,9581
"Doctors of Reddit, what is the most unethical thing you have done or you have heard of a fellow doctor doing involving a patient?",4433,1429132998.0,1,8918
You have to listen to someone talk for 48 hours straight. Who do you choose?,4422,1436953554.0,0,15960
"What's a crime that doesn't exist now, but might become illegal in 100+ years?",4427,1432318562.0,0,7781
"Which commercial had the opposite effect on you, making you completely avoid a product or company?",4428,1425815584.0,0,16246
"What was the best ""karma is a bitch"" moment you have witnessed?",4421,1447604590.0,0,5794
What's something you really want that is under $100 USD?,4424,1445653633.0,0,12122
"Cops of Reddit, do you know who the ""bad eggs"" are in your departments? How are they regarded by other cops?",4423,1442689745.0,0,3323
"Lawyers who read wills to families, what is the most interesting, bizarre, offensive, surprising thing you have had to read out loud?",4419,1420921891.0,0,7978
What are YOU 99.9% sure about?,4417,1438245277.0,0,12705
"If you had 365 days to eat a standard wooden door, how would you go about it?",4423,1431347343.0,1,8595
Bisexuals who have dated both genders. What little differences surprised you?,4420,1440366983.0,0,2877
What piece of technology do hope gets invented in your lifetime?,4417,1442398660.0,0,12137
What is something that is extremely satisfying to you?,4409,1450055882.0,0,7868
What is a unique skill that isn't a total waste of time to learn and will impress the fuck out of everyone?,4407,1448586372.0,0,8167
"When would be the worst time to start a ""U-S-A"" chant?",4406,1447801341.0,1,8490
What pisses you off about your country?,4406,1445077387.0,0,17312
"Reddit, what do you want for Christmas?",4411,1447001116.0,0,14678
Who is someone that we praise but was actually a horrible person?,4401,1426179415.0,0,15784
"Americans of Reddit, what's something that America gets shit for that is actually completely reasonable in context?",4389,1445010459.0,0,27789
[Serious] What's the most horrific thing that happened in your neighbourhood/town?,4392,1440069292.0,0,7922
What is your favorite movie soundtrack?,4392,1441968008.0,0,13251
"Disabled people of reddit, what is something we do that we think helps, but it really doesn't?",4387,1429652791.0,0,10068
"What is a completely ridiculous ""fact"" that any stupid person would undoubtably buy?",4379,1446703474.0,0,8972
What was there a black market for at your school that wasn't drugs?,4381,1423957737.0,1,13753
"What is the ""next big thing"" that is on the brink of popular?",4377,1429735849.0,0,15384
"What feels illegal, but isn't?",4378,1432275351.0,0,16160
"Medical professionals of Reddit, what mistake have you made in your medical career that, because of the outcome, you've never forgotten? [SERIOUS]",4369,1432383295.0,0,5153
"Gamers of reddit, what game will you suggest to someone who has a less powerful computer?",4374,1442748123.0,0,3923
Is there a person whom you met once in your life and and are likely to never meet again that you sometimes think of? Who is that person?,4369,1438561795.0,0,4380
"[Serious] Reddit, what secret did your spouse keep from you until after you were married?",4367,1424825114.0,0,14221
What's the smallest amount of power you've seen go to someone's head? What did they do?,4367,1421243400.0,0,9391
"Frequent flyers of reddit, what are some tips for plane rides?",4355,1432554811.0,0,3868
You gain the ability to put a 30s waiting period into someones life. Where do you put it to mildly annoy them the most?,4349,1446297566.0,0,4676
"It's 3:54 a.m., your tv, radio, cell phone begins transmitting an emergency alert. What is the scariest message you find yourself waking up to?",4352,1420016059.0,1,13016
"What is the biggest ""double-edged sword""?",4358,1445085774.0,0,5351
What is the best comment on Reddit?,4350,1450094348.0,1,4933
What city has the darkest history?,4350,1445469605.0,0,4641
"If money was no object, what would you do all day?",4343,1442659198.0,0,8675
What is something you do today that you clearly got from from your dad/mom?,4346,1442096009.0,0,6205
"In 1 hour, every single human being in the entire world will begin looking for you. Your goal is to remain unfound for 5 days. How would you do it?",4345,1421184913.0,0,6532
What is the worst movie you went to see in the cinema?,4343,1444468857.0,0,16975
"[Serious]Redditors who have had to kill in self defense, Did you ever recover psychologically? What is it to live knowing you killed someone regardless you didn't want to do it?",4338,1434286603.0,1,11432
"Have you ever left in the middle of a date? If so, why?",4336,1428586823.0,0,10701
"Stupid People of Reddit, what is the Stupidest thing you've done?",4338,1426767732.0,1,16894
Professors of reddit what did you read about yourself on ratemyprofessor?,4336,1431899195.0,0,6803
"Police officers of Reddit, when was the last time someone you pulled over made you laugh and why?",4334,1448754250.0,0,4831
What's the most metal Bible verse?,4335,1435005874.0,1,4007
"[Serious] Parents of Reddit who dislike, hate or resent your children, what happened?",4329,1442331218.0,0,4418
"People who have tried Marijuana for the first time due to recent legalizations, how has your opinion on Marijuana been affected?",4334,1443132764.0,1,9453
"Teachers of Reddit, what is the strangest thing a child has brought in for show and tell?",4322,1437168747.0,0,5961
"Since April Fools day is fast approaching, what have been some of your best April Fool pranks?",4329,1426195503.0,0,7097
"What is ""that song"" that makes you want to turn the lights off, close your eyes and just listen?",4312,1438030701.0,1,7813
What is the weirdest thing you have seen at someone's house that they thought was completely normal?,4313,1423485727.0,0,14286
"Identical twins, what's the craziest way which you've abused your powers of mistaken identity?",4322,1444245234.0,0,4772
What is the worst thing you've ever done in The Sims series?,4317,1427672898.0,0,4231
"[Serious] Prison Guards/Officers, has there ever been a time where you believed an inmate was truly innocent? What made you believe so?",4317,1449988846.0,0,3405
What's a product that everybody uses but nobody realizes there's a better version of?,4310,1431479397.0,0,11045
Which profession has the potential to create the scariest killer?,4317,1427311143.0,0,8951
What was easier to do 100 years ago than it is today?,4313,1435784165.0,0,7331
Where have you been that you would never go again?,4301,1425381767.0,0,18312
What was the most fucked up thing your ex did after you broke up?,4296,1429855376.0,1,16701
What are some headlines we can expect in 2016?,4300,1447931859.0,0,7610
What's something people brag about but really shouldn't?,4299,1437590201.0,0,14867
"What do you see people doing, that you just can't fucking believe?",4299,1450730016.0,0,11952
"What's your favorite ""Holy Shit"" fact?",4298,1447929360.0,0,9226
Teachers and Professors of Reddit what is the cleverest (or dumbest) way you've seen a student cheat?,4293,1428501159.0,0,11545
What are some Google Chrome Extensions that are a must have?,4297,1429211590.0,0,4663
"[Serious] Job applicants who walked out of an interview before it was over, why did you do it?",4278,1435544211.0,0,7588
"Redditors that have mastered the art of small talk, what are some good questions to ask to keep the conversation going?",4279,1445020492.0,0,2221
What is the worst post to reach the top of all time?,4277,1446523446.0,0,2829
Who was the most masterful troll in history?,4274,1436545510.0,0,4295
"Parents of Reddit, when in your eyes did your children become adults?",4278,1431199910.0,0,5967
"[Serious] actively practicing Muslims, what goes through your mind on a day like today?",4274,1447467109.0,0,8574
"Flight Attendants of Reddit, What are some stuff that most people don't know while on a flight?",4271,1440123816.0,0,5456
Which animal looks the most like a triangle?,4273,1441885614.0,1,3229
"Right now at this very moment, as you read this question, what is your #1 desire?",4261,1448070222.0,0,18466
"If a famous person was outed as a serial killer, who would you be least surprised by?",4260,1446424744.0,0,9555
What is something that seems obvious to you but that other people don't seem to understand?,4264,1431805560.0,0,15917
[Serious] What are your scariest/most traumatic stories from your childhood?,4254,1450348705.0,0,8625
What happened at the worst party you've ever been to?,4252,1434112049.0,0,12277
What is the national shame of your country?,4257,1440902833.0,1,11177
"Reddit, what are you hyped about right now?",4249,1438618817.0,0,12382
What has the internet basically made obsolete?,4247,1433256088.0,1,10388
"If you won $1m tonight, what would be the first purchase you make?",4242,1444595544.0,0,14540
What video game was an absolute masterpiece?,4254,1441407806.0,0,22990
"A person is put in a room for 24 hours, if they stay in the room for the full duration they receive 1 Million Dollars. What ideas would YOU put in the room that could potentially make them forfeit?",4252,1426611031.0,0,7770
"Redditors who married ""mail-order"" brides from Russia or the Philippines, what surprised you the most when you started living with your spouse?",4245,1429959867.0,0,9855
"Guys, Reddit is broken. We know. We are mods. We can't fix the backend. We're meseeks (err... mods), we're not Gods.",4244,1450161973.0,0,4272
What is your favorite conspiracy theory?,4243,1437673014.0,0,12623
What free things on the internet should everyone be taking advantage of?,4248,1426238718.0,0,6877
"Gamers of Reddit, What are the strangest things you've heard over an open mic?",4232,1433771552.0,0,7430
"If it was discovered that one animal species had actually been aliens that have been spying on Earth this entire time, what species would you expect it to be?",4235,1424571371.0,0,7678
"With E3 currently in progress, what would you consider the most embarrassing or cringe-filled moment in E3 history?",4236,1434403516.0,0,4753
"Shy men of reddit, how did you meet your girlfriend/SO?",4233,1436745528.0,0,8505
The US is now broken up into 50 countries. Which are the first two states to go to war and over what?,4225,1429022259.0,1,18484
"What takes a relatively long time to do, but is totally worth it?",4225,1439306032.0,0,4895
"Deep sea fishermen, ocean freighter workers, naval personel etc: What is the strangest/creepiest thing you have seen out on the job?",4223,1425628310.0,1,4041
[Serious] How did you respond after your ex wanted you back after leaving you?,4219,1444224090.0,0,7706
What are your tricks to getting up in the morning?,4221,1422232242.0,0,10485
"Reddit, if you saw a bowl of grey ice cream, what flavor would you think it is?",4221,1441500594.0,0,7915
What character was the audience supposed to hate but everyone ended up loving?,4218,1436185744.0,0,9142
"What moment made you think ""fuck im weird""?",4219,1428614071.0,1,16579
Who is someone in your life that has actually made you a worse person?,4217,1438608570.0,0,5626
What is the worst example of 'rich people problems' you have seen?,4220,1427032431.0,0,12076
What is too easy to get addicted to?,4209,1431542170.0,0,10842
"[Serious] People who support Donald Trump becoming president, what are you main reasons? What do you agree with him on?",4222,1449853869.0,0,13781
[Serious] What is the most mysterious and unexplained video on the internet?,4209,1445360846.0,0,3527
"Late night store Clerks, what is the strangest things that's happened on the job?",4204,1428056531.0,0,8121
What are some hobbies that are really cheap or free?,4206,1421327399.0,0,11424
"You have access to see ONE Wikipedia page from the year 2115, what page is it?",4198,1433105564.0,0,4405
"If there was a ""Reddit Gold"" counterpart called ""Reddit Shit"" to give to annoying Redditors, what features would make you buy it?",4197,1426647482.0,3,4701
What's the most amazing thing the human body does that people have no idea about?,4194,1442855989.0,0,11314
What do you have an irrational hatred for?,4463,1451358508.0,0,29162
"High schoolers, what do you want to major in? People who majored in that field, what are the pros and cons?",4195,1432652716.0,1,33377
What experience made you grow the fuck up?,4191,1426959816.0,0,13230
What is the strongest opinion you hold?,4181,1431861905.0,0,28207
What keeps you up at night?,4178,1437877423.0,0,8593
What is the best loophole you ever found?,4178,1434527724.0,0,7945
"What requires a lot of skill to master, yet still fails to impress anybody?",4176,1446153906.0,0,7737
What can kill an adult but not a baby?,4180,1445186490.0,0,3831
What's something before you were born that you would have liked to experience?,4175,1433324173.0,0,10661
"You must split humanity into two groups, and then one of those two will be randomly selected and instantly all die. How do you divide the human race?",4172,1438630556.0,0,7545
What sentence can start a debate between almost any group of people?,4174,1432128444.0,0,12313
"/r/askreddit has just hit 9 million subscribers, the first subreddit to do so",4177,1436632797.0,0,1621
"[Serious] Greeks of Reddit, how did you vote Sunday, and why?",4170,1436182656.0,1,4189
What's a big no no in your favorite hobby ?,4169,1440166754.0,0,10198
"What is the best ""the bad guy won"" ending?",4168,1435407476.0,0,7370
Whats the best thing you've ever got for free?,4163,1431689893.0,0,9508
Everyone has at least one good story. What's yours?,4161,1431089311.0,1,6142
"On the scale of 1 to 10, what are you a definite 10 at?",4153,1437005263.0,0,9693
What's your best dad joke?,4155,1444659111.0,1,8832
What's better used than brand new?,4160,1449611669.0,0,6916
What do you think only you do?,4165,1434622088.0,0,15156
"You can fill an Olympic sized pool with anything you want and it's yours, but you have to survive off the high dive into it. What do you put in the pool?",4166,1421462510.0,0,11537
"Old Redditors who never found ""the one,"" what is your life like?",4161,1433568637.0,0,5273
"What 1 to 10 minute task, if done daily, would have the most positive impact on my life, over time?",4149,1424381950.0,0,4923
"What is a â€œdirty little (or big) secretâ€ about an industry that you have worked in, that people outside the industry really ought to know?",4154,1424315741.0,0,15016
"[Serious] Overthinkers of reddit, How do you control your thoughts or stop over thinking?",4152,1437400419.0,1,2798
"What movie will forever go down in history as a ""must see""?",4148,1423677811.0,0,12602
What is your favorite song that is not in English?,4146,1436664464.0,0,10468
How are people being ripped off without knowing it?,4146,1436309821.0,0,11274
What is a cartoon you used to watch as a kid that you wish was still on tv today?,4143,1450789399.0,0,13220
"Women of reddit, what about men baffles you the most?",4143,1430328722.0,0,34133
"Redditors who have ever hired homeless people with the ""will work for food"" signs, what was your experience like?",4139,1422810179.0,0,4758
"Married men of reddit, what were you honestly thinking when your wife was walking down the aisle towards you during your wedding?",4142,1443990918.0,0,3146
Why is your ex an ex?,4127,1448245918.0,0,14133
What is the easiest way to convince one million people to give you one dollar?,4136,1429183311.0,0,7554
"If you could tell Reddit to shut the hell up about one thing forever, what would it be?",4125,1430919655.0,0,18406
"If you could sell years of your life for $1m per year, how many years would you sell?",4129,1423406072.0,0,6811
"You are instantly transported back into yourself on the first day of high school, with all your current knowledge and experiences. What do you do differently?",4119,1427372810.0,0,14984
What is one secret your parents can never know?,4125,1421762842.0,0,14679
"Reddit, what movie helped you through a rough time?",4124,1430095921.0,1,5892
"Cops of reddit: if you are giving someone a ticket, what things would you actually want to hear/see; that would = greatest chance of you being merciful?",4119,1438469810.0,1,9758
What makes you smile?,4118,1433668786.0,5,7665
Who's the nicest person you've encountered through life and why?,4137,1451007808.0,1,1659
How do you get out of bed when you're depressed?,4113,1434455576.0,1,4667
What is the creepiest thing that society accepts as a cultural norm?,4109,1429338386.0,0,17669
What is one thing you thought existed but it actually doesn't?,4106,1424691165.0,0,13181
What is never going to happen?,4100,1437389928.0,0,9498
What did your local Blockbuster turn into?,4105,1448199115.0,0,7692
What immediately kills your self esteem?,4099,1430598084.0,0,11266
Why are you on Reddit hiding from your family right now?,4121,1451082307.0,0,10913
What song can you get stuck in my head with only one line?,4104,1441369925.0,0,19283
"Hiring managers of reddit, what is the most Bizarre accomplishment some one has put on a resume?",4096,1439782018.0,0,4563
Who is the worst band you've ever seen live and why?,4094,1427978531.0,0,18599
what was the most shocking thing you heard the 'quiet kid' say?,4094,1430061338.0,0,6889
What should the first city on Mars be called?,4089,1429810178.0,0,7648
"People of Reddit who lost a loved one because of a ""funny""/ironic death, how did you deal with this? Did you feel supported?",4091,1429697604.0,0,9791
"You get $10,000 a day for the rest of your life but if you do not spend it by midnight the money stops. How do you spend your money?",4104,1451006518.0,0,7775
"Russians of Reddit, what remains of the Soviet Union are still there in daily life?",4087,1446404222.0,0,2315
What popular subreddit has a really toxic community?,4085,1423318187.0,0,20604
Whats something thats very impressive to others but is actually really easy to do/learn?,4084,1437249327.0,1,6482
[Mod Post] The timer,4092,1436055995.0,0,1114
"Blind people of reddit, what texture is your favorite or one that you would describe as beautiful?",4089,1430376766.0,2,3756
"Reddit, what's a good street name for toast?",4076,1443192695.0,0,2189
What are some good Reddit alternatives?,4072,1435949640.0,0,6290
"What do you consider to be ""the oldest trick in the book""?",4075,1442969672.0,0,4087
"Non-Aussies of reddit, when you visited Australia, what was the most unexpected thing you saw there?",4076,1443689705.0,0,10267
"What habit is generally percieved as healthy, but really isn't ?",4070,1444739252.0,0,8414
"Reddit, what can you predict about the future with 100% certainty?",4076,1448204322.0,0,8484
"What job, if removed, would cause the least amount of unemployment but the most chaos?",4068,1438109077.0,0,4006
"Which ""that guy"" are you?",4064,1434842710.0,0,11141
[Serious] What is a passion of yours that you can't talk about because no one around you 'gets' it?,4066,1443919183.0,0,9991
What's something that fucks a person up deeply but is hard to understand unless it happens to you? [Serious],4063,1430993965.0,0,8393
"Reddit, what is your worst moment of ""I probably shouldn't hang out with these people""?",4058,1427655923.0,0,7054
GUYS: What is the most awkward thing a girl has ever said to you?,4083,1450957822.0,0,16320
"Japanese People of reddit, what western foods seem disgusting and/or weird to you?",4059,1431499017.0,0,15507
"Teachers of Reddit, what's the most outrageous thing a parent has ever said to you?",4052,1446763034.0,0,6382
What are some games you can play with just a piece of paper and a pencil?,4056,1428071224.0,0,2544
What should people be ashamed of for not knowing how to do?,4054,1437219056.0,0,11712
What's one harsh truth when it comes to dating/relationships?,4054,1425306259.0,0,7430
"What's something in the $20-$50 range that people absolutely need to experience before they're old, boring, or dead?",4054,1448652287.0,0,5405
What are you willing to do that 99% of people would be too afraid to?,4051,1432766330.0,0,9817
What is the best/funniest recurring joke in a TV series?,4053,1435511267.0,0,7704
"A camera crew has secretly taped you for the past year. What will be the contents of the episode called ""Integrity""?",4048,1428089458.0,1,3988
"Teachers of Reddit, what are the most annoying things that students do, that you can't punish them for?",4039,1434053605.0,0,8713
"Anthropologists of Reddit, What is something that people in the Western world can't get their heads around that is very normal in other cultures (and has been for ages)?",4041,1434367496.0,0,7114
"If you lived to be 100 years old, what would you say was the secret to your longevity just to screw with everybody?",4041,1434735689.0,0,4515
What is the current drama going on with your friend that shares everything on facebook??,4035,1433849898.0,0,6975
"People who used to have low confidence but changed that, how did you do it?",4032,1447159820.0,0,3390
"What ""top 1% club"" do you think you belong to?",4035,1423572352.0,0,18916
"Girls of Reddit, what are some wierd things that almost every guy does but they don't realize?",4040,1443303135.0,0,19928
"What's easy to get into, but HARD AS FUCK to get out of?",4027,1449577070.0,0,10708
School Bus Drivers of Reddit. What do you folks do between morning pickups and afternoon drop offs?[Serious],4034,1441286971.0,0,1066
"HR people of Reddit, what SHOULD we lie about on our resumes?",4022,1420730908.0,0,5713
What is the best way you've seen a guy hit on a girl?,4023,1430213863.0,0,14219
"What ""fake"" thing that happens in movies pisses you off?",4024,1426518308.0,0,25617
What is the best example of a real life butterfly effect that you have experienced or heard of?,4028,1443275068.0,0,2371
What is the WORST advice you ever received?,4018,1446915445.0,0,7000
"Redditors, where do you want to live? Redditors who live there, why should they not want to live there?",4021,1425063920.0,1,23815
What's the coolest way to waste $1000?,4015,1430134436.0,0,9507
[Serious] Parents or friends of missing children: what happened?,4051,1451191194.0,0,4192
"If at high school graduation they gave you the option to enter prestige mode and start over as a freshman, but you kept the knowledge you had as a senior, would you do it? Why/why not?",4014,1434065083.0,0,3884
"Police officers in states which have legalized Marijuana... In what ways, positive and/or negative, has it affected your jobs?",4019,1425139580.0,0,5424
"If Dr. Suess wrote the bible, what would be your favorite passage of scripture?",4019,1442425714.0,0,1343
"Reddit, what is your favourite quote? Why?",4013,1436404140.0,0,10510
"If ""Douche Bag 101"" was a university course, what would some of the lessons be?",4012,1440278682.0,0,2437
Reddit what did you find out about your deceased friend or relative while going through their stuff?,3996,1447940050.0,0,4255
"Internet trolls, what's your worst troll that made you feel terrible afterwards?",3998,1447414685.0,0,6926
What is the most clever song lyric you've heard?,4000,1434415563.0,0,13439
[Serious]What is the most wrong someone has been proved to be on live television?,3992,1431089969.0,0,4822
[Serious] What is the creepiest thing that has ever ACTUALLY happened to you?,4002,1450513295.0,0,4693
What would happen if there was an Internet blackout (wired and wireless) for 48 hours? What would be the monetary damages?,3994,1429005981.0,0,2473
What is your go-to icebreaker?,3993,1437962968.0,0,4644
"Redditors who make over $100,000, annually, what do you do for a living?",3991,1436533742.0,0,11631
"[Serious] What is an item you always bought cheaply, then finally bought an expensive version and realized it was worth paying more?",3981,1434571947.0,0,9518
"Has anyone ever read a story, comment or thread on Reddit and knew for sure it was about you? And what was your response?",3989,1425501718.0,0,5045
"If there were an Oscar for ""Best Line in a Movie"", which line would win it?",3982,1423658259.0,0,15579
What scientific theory scares the shit out of you?,3978,1446206399.0,0,6498
You can add one rule to the Tour de France to make it more entertaining. What is it?,3981,1440692686.0,0,5183
Aussies of Reddit. What do you think of the new PM just announced?,3969,1442231391.0,0,2258
What movie couple did not live happily ever after and probably broke up 2 weeks after the movie was over?,3977,1441228344.0,0,4203
"[Serious]Clubbers of Reddit (Nightclubs not killing animals), what are your best tips for people new to clubbing?",3975,1440643153.0,0,4614
"[Serious] People of Reddit who have been in a coma, what was it like? Were you conscious at all or were you completely gone? How did you get into the coma and how did you get out?",3966,1442412722.0,0,3275
"Straight A students, where are you now in life?",3966,1445438467.0,0,8092
"Police officers of reddit, what is THE DUMBEST reason you have been called to a scene?",3973,1431277528.0,0,5430
What is something important that a 17 year old should learn RIGHT NOW?,3998,1451165599.0,0,7868
What's your favourite one or two-line joke?,3968,1436701341.0,1,3018
What would be the worst machine that a transformer could become?,3967,1433417215.0,0,6255
What ordinary word would make a great first name?,3962,1420151601.0,0,15912
You are suddenly shifted 2 feet to the realm of unoriginal questions. What do you find yourself asking?,3957,1440294673.0,0,4211
What are some things you should avoid doing during an interview?,3953,1422920847.0,0,7208
What company is permanently on your boycott list?,3952,1435003898.0,0,13488
"Reddit, who's THAT person in your neighborhood, and what does he/she do?",3957,1426708003.0,0,11911
"Waiters/Waitresses of Reddit, what's the worst date you've ever waited on?",3949,1421279665.0,0,9392
"Hiring managers of Reddit, what's the most strange or cringeworthy thing a potential candidate has said or done during the interview ?",3943,1430816700.0,0,8501
[Serious] What inside knowledge can you share with reddit?,3942,1438335900.0,0,8226
Cruise Ship/Hotel workers of Reddit. What is something you aren't allowed to tell us?,3945,1439260874.0,0,3757
"People of reddit, what signs have you noticed that you are getting older?",3936,1422708878.0,0,19151
[Serious] How to have a social life without alcohol?,3938,1430987597.0,0,5040
"Redditors of Europe who are witnessing the ""migrant crisis"" what is the mood like of the locals in your country? And how has it affected you?",3935,1441117275.0,0,7074
"Girls of Reddit, what are common mannerisms for a guy that screams low self confidence?",3939,1433237500.0,0,13560
What's your favorite old game?,3932,1433851414.0,0,21413
"Deaf people of Reddit, when and how did you find out that people can hear you farting?",3932,1428504834.0,0,2080
"Besides the obvious luxuries of fast cars, mansions, & beach houses, what do you fantasize about when you imagine being super rich?",3925,1431616892.0,0,9596
"Identical twins of Reddit: What's the greatest thing you've achieved by swapping places, without anyone noticing?",3924,1421271637.0,1,6764
"What largely unknown movie is a ""must watch""?",3927,1432813343.0,0,6734
"Reddit, if you were told you only had 24 hours of eyesight left, what would you do with it?",3910,1432556145.0,0,5227
What's the greatest comeback you've ever heard?,3914,1421696103.0,0,8354
[Serious] What is an alarming fact that the next generation is going to have to deal with?,3920,1431946713.0,0,13678
"What are some of the worst, most dangerous neighborhoods you can find on Google Street view?",3919,1450687330.0,0,3401
What vegetarian food do meat lovers massively underestimate?,3916,1447710137.0,1,4760
"If other films had titles as literal as ""Snakes On A Plane"", what would they be called?",3918,1424960790.0,2,9291
Kid logic is now law. What becomes extremely frustrating as a result of this?,3907,1434497742.0,0,3847
"Parents of ugly children, when did you first realize/concede that your kid is ugly? Do you ever feel guilty?",3910,1442774857.0,0,4154
What's the worst piece of shit movie you've ever seen?,3904,1435580031.0,0,16157
What was the best time OP delivered?,3904,1422537898.0,0,4589
"Redditors who have seen a UFO, Bigfoot or any other mythological creature. What is your story and how did the people you know react to tour story?",3908,1441067891.0,0,5778
First responders of Reddit..What accident do you see most often that is 100% preventable?,3909,1423697709.0,0,6823
What question do you go all day hoping no one will ask you?,3899,1421500048.0,0,15648
"Railroad engineers, have you ever come across anything creepy or weird on the tracks while driving your train?",3903,1420687450.0,0,5495
What gets HARDER as you age?,3898,1423225924.0,0,12810
Which 80s or 90s song gives you nostalgia overload every time you hear it?,3899,1443089003.0,0,11858
What should you NOT do when you go to England?,3894,1427726319.0,1,13283
Women of Reddit: What is the female equivalent of a guy watching a girl eat a banana?,3896,1449584664.0,0,5935
"You are given $20,000 daily. If you fail to spend every penny before midnight, you no longer receive money. How do you spend it?",3896,1432904487.0,0,7356
"What ""common knowledge"" facts are actually wrong?",3898,1437709602.0,0,10090
"If all animals could talk, which one would swear the most?",3887,1423833080.0,1,6940
"What seems to be a huge deal on Reddit, but not so much in real life?",3886,1424865040.0,0,19464
What were the worst trends of 2015?,3889,1449667405.0,0,8115
What's something unconventional everyone should try out?,3885,1429011481.0,0,7430
"Military Redditors, when you were in boot camp, what was the funniest thing you ever heard one of your Drill Sergeants say?",3882,1450799775.0,0,3623
Who plays the villain a little too well?,3879,1450887704.0,0,4753
What's The Most First World Job?,3878,1449844931.0,0,4536
What's a band you discovered this year you love?,3873,1448496277.0,0,9259
What's the weirdest lie your parents ever told you?,3864,1431640248.0,0,5986
What is the hardest thing about being a man?,3865,1450096917.0,0,15094
"What ""as seen on TV"" product do you highly recommend?",3867,1448915947.0,0,4012
"Did your high school ever have an ""incident"" or event? What was it?",3856,1435777211.0,0,13938
Which is the worst sequel to an awesome movie?,3858,1427973687.0,0,16967
What do you have an irrational hatred for ?,3861,1423085296.0,1,32563
What is a weird phobia you have?,3854,1436836112.0,0,15427
What is something that babies born today will never experience?,3859,1439897745.0,0,5709
What would happen if we no longer segregated our public bathrooms by gender?,3857,1425556834.0,0,9771
What are you famous for in your group of friends?,3858,1445454062.0,0,7721
What don't you miss about being a teenager?,3856,1446893917.0,0,6015
Anyone have any plans to stare at their phones somewhere exciting this weekend?,3856,1420805848.0,0,4480
"Reddit, what was 'The Scandal' at your high school?",3850,1450567575.0,0,9427
"Dear Redditors: What's the easiest thing to do in theory, but is actually impossible to do IRL?",3853,1449914865.0,0,4805
"Which corporation is genuinely ""evil""? Why?",3856,1421682050.0,0,9510
"Add ""ing"" to any movie title. What is the movie about now?",3848,1424465439.0,1,4085
Girls of Reddit: What are some things you look for when visiting a guys place for the first time?,3855,1435100571.0,0,12430
What click-bait titles would you give to major historical events?,3840,1433099643.0,0,2352
What DID live up to the hype?,3845,1430923513.0,0,11440
"Redditors who live extremely near to a time zone split, how does it affect your daily life?",3838,1436014579.0,0,1515
What is something people to do be polite but actually turns out to be annoying?,3831,1425470636.0,1,17965
"""Car Guys"" of reddit: What is the dumbest thing regular people do to their cars?",3830,1433874394.0,0,8020
"If Reddit was to make its own ""Bible"" filled with reddit posts with moral lessons. What reddit stories would be in it?",3829,1437504476.0,0,2512
"How has your life changed since June 3, 2014?",3829,1433336843.0,0,9648
"[Megathread] Chooter, subreddits shutting down megathread",3828,1435945024.0,0,3624
What's the best analogy you've heard to explain something complicated?,3826,1427731185.0,0,4234
"Mormons of Reddit, what is the best bike to buy?",3819,1426106312.0,0,2844
[Breaking News] United States Supreme Court Decides: Same Sex Marriage is Legal Nationwide,3822,1435329537.0,1,9021
What's the simplest thing you can't do?,3815,1419944147.0,0,19356
"Reddit, what instantly ruins a pizza for you?",3815,1438770027.0,0,20255
"If every statue in the world came to life at the same time, which area would be in the most trouble?",3815,1420957398.0,0,4428
What are some of the unwritten laws of Guy Code?,3812,1438796562.0,0,13699
"You can throw 10000 of something down from the Empire State Building, what would it be?",3809,1430389620.0,0,10941
What personal hygiene norms don't you follow?,3806,1420544629.0,0,21941
What's the best advice you've ever received?,3808,1420977843.0,0,7561
"Office workers of Reddit: In your workplace, who is ""that guy"", and what does he do?",3802,1436445041.0,0,8038
"Hey Reddit, what's a beautifully deep quote or saying that you just made up?",3803,1438395691.0,1,9109
"What's the best response when someone says ""Fuck you""?",3804,1424786296.0,0,8270
"Women that have worked at Hooters or a similar themed restaurant , what is your worst story? [Serious]",3805,1423165408.0,0,5540
"Dear Reddit, given unlimited funds, what is something you would put in your dream house?",3800,1424525209.0,0,11122
What is the worst case of psycho-overprotective parenting that you've ever seen?,3802,1441301258.0,0,6026
"What would other products be called if they were as literal as ""toothbrush""?",3795,1426073083.0,0,9394
"Non Brits that visited the UK, what was the most unexpected thing you saw when here?",3803,1443606851.0,0,14026
Which fan theory do you adamantly believe?,3785,1435652720.0,0,16046
What is the best thing about being unattractive?,3789,1450181973.0,0,4228
[Serious] What is your go-to sandwich?,3794,1438305475.0,0,7089
"What's your ""mom is going to kill us"" story?",3794,1440728165.0,0,4543
"Reddit, what do you look like?",3781,1439604304.0,0,12516
What news stories are the world not paying attention to that they should?,3776,1445392298.0,1,3724
"What is your, ""don't get me started on . . ."" topic?",3775,1442262147.0,0,10194
"If wars were won by being the most annoying, rather than the most deadly, what would be the ""nuclear option""?",3772,1431009048.0,0,4185
What's a common behaviour that disgusts you?,3783,1432891047.0,1,16256
"Gay Men of Reddit, what advice do you have for Straight Men of Reddit?",3779,1448404842.0,1,11260
What do you HOPE exists at the deepest bottoms of the ocean?,3773,1423365232.0,2,4905
What are the dumbest rules in any sport?,3780,1448245483.0,0,6736
"Reddit, what secret was revealed by a family member on account of that family member being drunk?",3769,1438100522.0,0,5156
"What are life's small, simple pleasures?",3777,1432207231.0,0,7442
What's the most INSANE moment in any Disney movie?,3770,1427578874.0,0,6853
"Parents of Reddit, how did your son/daughter's SO win you over?",3772,1421926232.0,1,6488
Where are you banned from and why?,3763,1436480344.0,0,8397
"Hey Reddit, what's a misconception you'd like to clear up about your country once and for all?",3767,1432807105.0,0,19533
"[Serious] Convicted criminals of Reddit who were later proven innocent, what's life like after being found innocent and released?",3763,1440684502.0,0,2584
"In your opinion, what was the best invention ever?",3761,1423746571.0,0,8838
What concept completely blows your mind?,3766,1437311182.0,0,6582
"If artists were suddenly not allowed to use looks and sexuality to promote their brand and albums, which artists would fail and be quickly forgotten?",3765,1431597717.0,1,7348
Redditors what is the weirdest thing you have heard of someone not believing in?,3763,1424869300.0,0,12994
What is so inefficient it's ridiculous?,3753,1446498722.0,0,8840
What is one thing that you always judge people on?,3757,1439208245.0,0,7698
What offends YOU very easily?,3749,1444991663.0,0,12253
You are given 10 billion dollars to create a game show. It can involve anything including illegal things and death if you so desire. What is your game show?,3758,1425685624.0,0,5148
If you were to become 5 again while maintaining everything you already know. What would you do?,3752,1420646975.0,0,10362
What's the biggest red flag you've ever ignored?,3746,1422558707.0,0,10110
"What are some of the ""Must Watch"" comedy movies?",3747,1435754797.0,0,4715
What's the best website I've never heard of?,3747,1427120020.0,0,2345
Important news about the future of AskReddit #2,3745,1436918222.0,0,828
"Parents of reddit, what's something your kid(s) have admitted to you, that you wish they never would have told you?",3749,1447799779.0,0,4021
What's the most bullshit assignment you've turned in that ended up getting a good grade?,3742,1448453209.0,0,5447
"If ethics is out of the door, what experiment would be most interesting to see?",3730,1442857154.0,0,5471
Whats the scariest theory known to man?,3738,1432997844.0,0,4926
What would you do for $10 million dollars that you wouldn't do for $1 million dollars?,3738,1431814352.0,0,4442
"[Serious] People who have been in a viral video/photo, how has it affected your life for the better or worse?",3743,1424724212.0,0,3222
GIRLS: What is the most awkward thing a guy has ever said to you?,3751,1450931693.0,0,13083
What question is best left unanswered?,3742,1422822186.0,0,7747
What scene from a movie or TV show just rips your heart out?,3741,1435402048.0,0,13517
What is the WORST present you have ever gotten?,3728,1433371305.0,0,9142
"What website did you used to frequent, but do not anymore?",3726,1425699022.0,0,10657
"You are the world's most FRUGAL SUPERVILLAIN. What's the MOST amount of damage you can do, on the smallest budget?",3725,1424436824.0,0,4665
"What job do you think would have awesome perks? Redditors with that job, why isn't it so great?",3719,1422198218.0,0,7326
What's something you CAN'T do that everyone else can?,3719,1429535664.0,0,12635
"People who got a barbed wire bicep tattoo in the 90's, how do you feel about it now?",3718,1434121688.0,0,2102
What are we in the Golden age of?,3713,1438511098.0,0,6182
What's the best FREE software you can download?,3713,1433937750.0,0,3938
"Men, what do you hate about other men?",3711,1430872233.0,0,18780
"Men of Reddit, what ""feminine"" thing do you wish was more acceptable for men to do? (Serious)",3703,1432495865.0,1,13182
"Reddit, what song isn't about what I think it's about?",3706,1429096389.0,0,14616
"What phrases such as ""Roll the window up."" have no significant meaning to the new generation?",3702,1421353305.0,0,13156
"What is the worst sentence to add ""I think"" at the end of it?",3696,1430148002.0,0,3183
Which person could do an AMA and end up taking the AMA #1 spot from Barack Obama?,3702,1423604591.0,1,5793
What's the best phone app to play without wifi?,3702,1441463064.0,1,2296
"What PG-13 movie made the best use of its one allotted ""fuck""?",3692,1421032327.0,0,3672
What skill takes <5 minutes to learn that everyone should know how to do?,3699,1447545123.0,0,5024
What movie did you love as a child but realized was horrible when you grew up?,3693,1425855365.0,0,10575
What've you bought and instantly regretted?,3692,1420203836.0,0,10116
"What product do you absolutely love, that's actually intended for the opposite sex?",3692,1427593832.0,0,7918
What do you add to your Ramen Noodles?,3688,1422457926.0,0,6281
What's one sensation the opposite sex will truly never get to experience?,3694,1444653233.0,0,9182
"Who/what was supposed to be ""The next big thing"", but totally flopped?",3689,1436635477.0,0,8976
"Broke people of Reddit, you have $10 and need to make dinner for yourself and a date. What do you get at the grocery store?",3690,1435758458.0,0,4049
"Redditors who ""went out for cigarettes"" and never came back, why did you leave? Where did you go? What is life like for you now? [Serious]",3685,1432847150.0,1,6802
"If you had a 64 pack of XXX crayons, what would be the name of some of the colors inside?",3688,1450569694.0,1,4953
"What literary ""classic"" actually sucks?",3677,1429403519.0,0,14457
What are some 'ugly' facts about famous and well-liked people of history that aren't well known by the public?,3677,1432812800.0,0,16555
What is the best brain-teaser you know?,3681,1426712796.0,0,5634
"[Serious]What's your ""never meet your heroes"" story?",3682,1425222380.0,0,7471
What is a tv show that mishandled an interesting concept?,3681,1427118927.0,0,8050
What is the one movie you never want to watch again?,3670,1422454483.0,0,20812
What video game have you spent the most time playing?,3676,1425396141.0,0,17949
What common advice simply doesn't work?,3668,1424999009.0,0,10557
What food do you think you could eat every day for a year?,3665,1432301147.0,0,10093
What CAN'T your SO ever find out about?,3665,1429020896.0,0,8414
Which song would you rate a 10/10?,3670,1447698440.0,0,7714
What's the Most Impressive Dish even an Idiot Can Cook for a Girl He Lied To About Being a Chef?,3667,1427457075.0,0,7122
What fact about the universe blows your mind the most?,3657,1421365015.0,0,8886
"Jeopardy is hosting a Reddit themed show, what are some of the categories, questions, or answers?",3653,1440816902.0,0,2714
"Game designers of Reddit: Who exactly lights all those candles and torches in dark caves that, according to the story line, no one was been in for 100's of years?",3664,1428865821.0,0,1805
What widely hated thing do you like?,3647,1448629609.0,0,9860
What is something that is never worth the money?,3649,1439210513.0,0,6635
What was the best post on reddit that got no attention?,3646,1420058718.0,1,4822
What is it that YOU just can't get enough of?,3655,1422098270.0,1,12359
"What are some common mistakes that parents make, but don't realize?",3653,1433687453.0,0,6877
What TedTalk should everyone see?,3639,1426073565.0,0,2462
What would an inconvenience store sell?,3637,1425851643.0,0,8870
What is something every redditor should do?,3637,1422189486.0,0,8660
"What are the best subs to binge the /top of ""all time""?",3640,1445860276.0,0,956
You are being held at gunpoint and receive a phone call from a family member. You are ordered to answer but will be shot if you let them know what is happening. What do you say to let them know something is wrong without getting shot?,3638,1425749118.0,0,4186
"you randomly wake up naked in Central Park on September 4th, 2001. With only the knowledge you currently have about 9/11, what do you do to save as many lives as possible?",3633,1426785002.0,0,10343
"What's your internet ""white whale"", something you've been searching for years to find with no luck?",3642,1443472476.0,0,9623
"Bosses of Reddit, what do your employees think you don't notice, but you really do?",3637,1448005997.0,0,4057
"If someone handed you a box with all the things you've ever lost, what would be inside?",3636,1437571434.0,0,6490
"Teachers of Reddit, what's some behind the scenes drama you had to hide from your students?",3636,1422899074.0,0,5296
Which group of people comes off as the most pretentious?,3641,1433933739.0,0,26866
What is the most ignorant thing you've ever heard someone say?,3632,1439497215.0,0,9918
Dog logic is now law. What becomes completely normal as a result of this?,3624,1437606739.0,0,2481
What's your favorite insult that doesn't contain a curse word?,3627,1422629737.0,0,7187
What's your 'tell' when you've had too much alcohol?,3629,1447004407.0,0,5080
What are habits that you have adapted from your SO that you didn't have before?,3629,1430490695.0,1,7544
"One-Uppers of Reddit, what's the coolest thing you've ever done?",3626,1450381632.0,0,3006
"A time machine is given to 4chan, Reddit & Tumblr. How does each ruin history?",3622,1428776711.0,0,4755
"What's the deepest, darkest secret you know that isn't your own?",3619,1444471815.0,0,5186
"[Serious] Guys of reddit, what's the creepiest thing a lady has done that was meant to be romantic?",3617,1437847704.0,0,6447
"What two things, when switched, would cause complete chaos?",3620,1440759455.0,0,8084
[Serious] What have you done in real life that deserves gold?,3622,1432410793.0,2,9440
What small thing can one do every day to let people know you're an asshole?,3624,1443522460.0,0,6159
"Teachers of Reddit, what's the worst thing a student has discovered about your life outside of the classroom?",3618,1430249631.0,0,5249
"Reddit, what is the best one liner joke you've ever heard?",3615,1443706188.0,1,2456
Which hero is the true villain? And why?,3606,1429387145.0,0,7269
"What ""Next Big Thing"" never became the next big thing?",3605,1449950558.0,0,7188
"Sailors and boaters of Reddit, what's the most amazing or unexplainable thing you've seen at sea?",3610,1446637858.0,0,4083
"What will be your generation's equivalent of ""I had to walk 15 miles uphill both ways in the snow?""",3632,1450957583.0,0,4956
What film did you know you would love within the first 2 minutes?,3606,1446416150.0,0,5103
What do you spend too much money on?,3603,1447334962.0,0,8392
"Reddit, what organisation should you NEVER fuck with?",3608,1449084212.0,0,5331
[serious] Redditors who have survived a plane crash - how did people react on the way down?,3596,1432581732.0,0,1976
"[serious] Redditors of Russia, has the crisis and sanctions imposed by the US and EU influenced you personally? If so, how?",3602,1423595224.0,0,3446
What reminds you that the world we live in isn't so bad?,3603,1443660751.0,0,3400
What's the saddest thing you've witnessed someone do to impress someone else?,3593,1448550704.0,0,4347
"[serious] Prison workers of Reddit. Have you ever met an ex inmate of 'yours' out of prison? If so, what happened?",3598,1446650896.0,0,1094
What is your single favorite episode of any TV show and why?,3593,1425263922.0,0,9489
Teachers of Reddit: Who was the worst parent you've ever had to deal with?,3595,1421136950.0,0,7477
What is a hoax you're not proud you fell for?,3595,1443351112.0,0,4696
Medium-height people. What neutral thing always makes your day average?,3593,1437338240.0,1,4063
A wizard appears and offers you mastery in a skill of your choice. You will be given 10 years worth of practice and experience for that skill in an instant. Which skill would you choose?,3593,1422138168.0,2,11817
What seems harmless but could kill you quite easily?,3587,1427546083.0,0,9169
"Waiters of Reddit, what's the most ridiculous order someone's placed and how did you deal with it?",3581,1420294221.0,0,19027
Suppose I walk into your place of work with $400 to spend. What does that get me?,3588,1421421465.0,0,14188
"Reddit, what are you afraid of? Other redditors, why shouldn't they be afraid of it?",3580,1422299652.0,0,14201
"In which movie have you seen the worst use of ""physics""?",3579,1424285332.0,0,8037
What's a harsh truth you have for the opposite sex?,3577,1444229202.0,0,13771
What is your most cringe worthy moment from your teenage years?,3570,1420125238.0,0,10436
What drink is so bad that you can't understand why it exists?,3573,1439932142.0,0,8388
"Which film had a poor premise, but with a wonderful execution?",3575,1449282011.0,0,4226
"[Serious] Ladies, what's the creepiest thing a guy has done that was meant to be 'romantic'?",3579,1437811305.0,0,5779
"If The Lord of the Rings had a Scooby Doo ending, who would Sauron really be?",3576,1422318567.0,0,2690
